{
	"schemaVersion": 1,
	"id": "proficiency",
	"version": "${version}",
	"name": "Proficiency",
	"description": "This is an example description! Tell everyone what your mod is about!",
	"authors": [
		"Me!"
	],
	"contact": {
		"homepage": "https://fabricmc.net/",
		"sources": "https://github.com/FabricMC/fabric-example-mod"
	},
	"license": "CC0-1.0",
	"icon": "assets/proficiency/icon.png",
	"environment": "*",
	"entrypoints": {
		"main": [
			"proficiency.modid.Proficiency"
		],
		"client": [
			"proficiency.modid.ProficiencyClient"
		]
	},
	"mixins": [
		"proficiency.mixins.json",
		{
			"config": "proficiency.client.mixins.json",
			"environment": "client"
		}
	],
	"depends": {
		"fabricloader": ">=0.18.2",
		"minecraft": "~1.20.1",
		"java": ">=17",
		"fabric-api": "*"
	},
	"suggests": {
		"another-mod": "*"
	}
}